{"chunk_definitions":[{"row":135,"row_count":1,"visible":true,"expansion_state":0,"options":{"engine":"r","label":"Libraries and Data Management"},"document_id":"EDBD275D","chunk_id":"c0d66j9rk9qqp","chunk_label":"Libraries and Data Management"},{"row":309,"row_count":1,"visible":true,"expansion_state":0,"options":{"engine":"r","label":"Descriptive Statistics"},"document_id":"EDBD275D","chunk_id":"c9e2m0c5g6d7a","chunk_label":"Descriptive Statistics"},{"row":330,"row_count":1,"visible":true,"expansion_state":0,"options":{"engine":"r","label":"Boxplots"},"document_id":"EDBD275D","chunk_id":"caom2luo7axin","chunk_label":"Boxplots"},{"row":349,"row_count":1,"visible":true,"expansion_state":0,"options":{"engine":"r","label":"QQ Plots"},"document_id":"EDBD275D","chunk_id":"c1dtz5iszc2qk","chunk_label":"QQ Plots"},{"row":439,"row_count":1,"visible":true,"expansion_state":0,"options":{"engine":"r","label":"Shapiro-Wilks"},"document_id":"EDBD275D","chunk_id":"can2dmt2usz2d","chunk_label":"Shapiro-Wilks"},{"row":458,"row_count":1,"visible":true,"expansion_state":0,"options":{"engine":"r","label":"Histograms"},"document_id":"EDBD275D","chunk_id":"cm7gsh0gwywtf","chunk_label":"Histograms"},{"row":634,"row_count":1,"visible":true,"expansion_state":0,"options":{"engine":"r","label":"RMANOVA"},"document_id":"EDBD275D","chunk_id":"cxc2p2jnjpr17","chunk_label":"RMANOVA"},{"row":657,"row_count":1,"visible":true,"expansion_state":0,"options":{"engine":"r","label":"Bayes"},"document_id":"EDBD275D","chunk_id":"cvzm06n4bcfbp","chunk_label":"Bayes"},{"row":809,"row_count":1,"visible":true,"expansion_state":0,"options":{"engine":"r","label":"Plot Wolf and Rosenstein"},"document_id":"EDBD275D","chunk_id":"ckh3lu7ps9k3n","chunk_label":"Plot Wolf and Rosenstein"},{"row":886,"row_count":1,"visible":true,"expansion_state":0,"options":{"engine":"r","label":"Create Tables"},"document_id":"EDBD275D","chunk_id":"cpoycohcw126h","chunk_label":"Create Tables"}],"doc_write_time":1675216890,"chunk_rendered_width":608}