"0",""
"0","options(scipen = 999) #Remove scientific notation"
"0",""
"0","rm(list=ls()) # Clear all"
"0",""
"0","# Libraries"
"0","library(plyr)"
"0","library(psych)"
"0","library(ggpubr)"
"0","library(afex)"
"0","library(sjstats)"
"0","library(cowplot)"
"0","library(tidyr)"
"0","library(rstatix)"
"0","library(xlsx)"
"0","library(dplyr)"
"0","library(data.table)"
"0","library(ggplot2)"
"0","library(grid)"
"0","library(gridExtra)"
"0","library(data.table)"
"0","library(effectsize)"
"0",""
"0","# Reading in data"
"0","dat <- plyr::ldply(list.files(path = ""./RDATA/"", full.names = TRUE), read.csv, header=TRUE)"
"0","dat_subject <- read.csv(""./Gaitprint_subject_characteristics.csv"")"
"0","dat_trial <- read.csv(""./Gaitprint_trial_characteristics.csv"")"
"0",""
"0","# Remove incomplete data"
"0","dat <- dat[!is.na(dat$sampling_rate),]"
"0",""
"0","# Including only young adults who meet inclusion criteria"
"0","dat <- subset(dat, !(group %in% c(""G03"", ""G02"")))"
"0","dat <- subset(dat, !(id %in% c(""S022""))) #Excluded/withdrawn/canceled"
"0",""
"0","dat_subject <- subset(dat_subject, (group %in% c(1)))"
"0","dat_subject <- subset(dat_subject, !(id %in% c(22)))"
"0",""
"0","dat_trial <- subset(dat_trial, (group %in% c(1)))"
"0","dat_trial <- subset(dat_trial, !(id %in% c(22)))"
"0",""
"0","#Convert to long format"
"0","dat_long <- tidyr::gather(dat, lye_variable, lye_value, lyew_left_thigh:lyer_right_foot, factor_key=TRUE)"
"0",""
"0","#Identify outliers and remove if extreme"
"0","#outliers <- dat_long %>%"
"0","#  group_by(lye_variable, sampling_rate) %>%"
"0","#  rstatix::identify_outliers(lye_value)"
"0","#dat_long <- dat_long[outliers$is.extreme == TRUE, ]"
"0",""
"0","## Creating factors ------------------------------------------------------------------"
"0",""
"0","#Creating factor matrices to get better long formatting"
"0","factor_matrix = strsplit(as.character(dat_long$lye_variable), '_')"
"0","factor_matrix = lapply(factor_matrix, FUN = function(x){"
"0","  method = x[1]"
"0","  side = x[2]"
"0","  segment = x[3]"
"0","  out = data.frame('method' = method, 'side' = side, 'segment' = segment)"
"0","  return(out)"
"0","})"
"0","factor_matrix = dplyr::bind_rows(factor_matrix)"
"0",""
"0","# Bind factor_matrix and data together"
"0","dat_long = subset(dat_long, select = -lye_variable)"
"0","dat_long = cbind(dat_long, factor_matrix)"
"0",""
"0","# Creating factors and specify the order for sampling_rate"
"0","cols <- c(""id"", ""group"", ""day"", ""block"", ""trial"", ""sampling_rate"", ""method"", ""side"", ""segment"")"
"0","dat_long[cols] <- lapply(dat_long[cols], factor)  ## as.factor() could also be used"
"0","dat_long$sampling_rate = factor(dat_long$sampling_rate, levels = c(""200"", ""175"", ""150"", ""125"", ""100"", ""75"", ""50"", ""25"")) #Specify factor order"
"0","dat_long$segment = factor(dat_long$segment, levels = c(""thigh"", ""shank"", ""foot"")) #Specify factor order"
"0",""
"0","# Subsetting data for statistical analysis -------------------------------------------"
"0",""
"0","lyew_left_thigh <- dat_long[dat_long$method == ""lyew"" & dat_long$side == ""left"" & dat_long$segment == ""thigh"", ]"
"0","lyer_left_thigh <- dat_long[dat_long$method == ""lyer"" & dat_long$side == ""left"" & dat_long$segment == ""thigh"", ]"
"0","lyew_right_thigh <- dat_long[dat_long$method == ""lyew"" & dat_long$side == ""right"" & dat_long$segment == ""thigh"", ]"
"0","lyer_right_thigh <- dat_long[dat_long$method == ""lyer"" & dat_long$side == ""right"" & dat_long$segment == ""thigh"", ]"
"0","lyew_left_shank <- dat_long[dat_long$method == ""lyew"" & dat_long$side == ""left"" & dat_long$segment == ""shank"", ]"
"0","lyer_left_shank <- dat_long[dat_long$method == ""lyer"" & dat_long$side == ""left"" & dat_long$segment == ""shank"", ]"
"0","lyew_right_shank <- dat_long[dat_long$method == ""lyew"" & dat_long$side == ""right"" & dat_long$segment == ""shank"", ]"
"0","lyer_right_shank <- dat_long[dat_long$method == ""lyer"" & dat_long$side == ""right"" & dat_long$segment == ""shank"", ]"
"0","lyew_left_foot <- dat_long[dat_long$method == ""lyew"" & dat_long$side == ""left"" & dat_long$segment == ""foot"", ]"
"0","lyer_left_foot <- dat_long[dat_long$method == ""lyer"" & dat_long$side == ""left"" & dat_long$segment == ""foot"", ]"
"0","lyew_right_foot <- dat_long[dat_long$method == ""lyew"" & dat_long$side == ""right"" & dat_long$segment == ""foot"", ]"
"0","lyer_right_foot <- dat_long[dat_long$method == ""lyer"" & dat_long$side == ""right"" & dat_long$segment == ""foot"", ]"
"0",""
"0","# Subsetting data for statistical analysis specifically Bayes ------------------------"
"0",""
"0","left_thigh <- dat_long[dat_long$side == ""left"" & dat_long$segment == ""thigh"", ]"
"0","cool <- melt(left_thigh, id.vars = c(""id"",""group"",""dat"",""block"",""trial"",""sampling_rate""),"
"0","             measure.vars = ""lye_value"") "
"2","Warning: The melt generic in data.table has been passed a data.frame and will attempt to redirect to the relevant reshape2 method; please note that reshape2 is deprecated, and this redirection is now deprecated as well. To continue using melt methods from reshape2 while both libraries are attached, e.g. melt.list, you can prepend the namespace like reshape2::melt(left_thigh). In the next version, this warning will become an error."
"2","Error: id variables not found in data: dat
"
