"0",""
"0","#RMANOVA - Wolf Left Thigh"
"0","lyew_left_thigh_m0 = lmerTest::lmer(lye_value ~ sampling_rate + (1|id), data = lyew_left_thigh)"
"0","lyew_left_thigh_m0_anova = anova(lyew_left_thigh_m0)"
"0",""
"0","#Pairwise"
"0","lyew_left_thigh_m0.em = emmeans::emmeans(lyew_left_thigh_m0, ~sampling_rate)"
"2","Note: D.f. calculations have been disabled because the number of observations exceeds 3000.
To enable adjustments, add the argument 'pbkrtest.limit = 4960' (or larger)
[or, globally, 'set emm_options(pbkrtest.limit = 4960)' or larger];
but be warned that this may result in large computation time and memory use.
"
"2","Note: D.f. calculations have been disabled because the number of observations exceeds 3000.
To enable adjustments, add the argument 'lmerTest.limit = 4960' (or larger)
[or, globally, 'set emm_options(lmerTest.limit = 4960)' or larger];
but be warned that this may result in large computation time and memory use.
"
"0","lyew_left_thigh_m0_pairs = pairs(lyew_left_thigh_m0.em) "
"0",""
"0","#Effect Size"
"0","lyew_left_thigh_m0_es = effectsize::effectsize(lyew_left_thigh_m0_anova)"
"0",""
"0","#RMANOVA + Effect Size"
"0","lyew_left_thigh_m0_anova_es = cbind(lyew_left_thigh_m0_anova, lyew_left_thigh_m0_es[2:4])"
"0",""
"0","#RMANOVA - Wolf Left Shank"
"0","lyew_left_shank_m0 = lmerTest::lmer(lye_value ~ sampling_rate + (1|id), data = lyew_left_shank)"
"0","lyew_left_shank_m0_anova = anova(lyew_left_shank_m0)"
"0",""
"0","#Pairwise"
"0","lyew_left_shank_m0.em = emmeans::emmeans(lyew_left_shank_m0, ~sampling_rate)"
"2","Note: D.f. calculations have been disabled because the number of observations exceeds 3000.
To enable adjustments, add the argument 'pbkrtest.limit = 4960' (or larger)
[or, globally, 'set emm_options(pbkrtest.limit = 4960)' or larger];
but be warned that this may result in large computation time and memory use.
"
"2","Note: D.f. calculations have been disabled because the number of observations exceeds 3000.
To enable adjustments, add the argument 'lmerTest.limit = 4960' (or larger)
[or, globally, 'set emm_options(lmerTest.limit = 4960)' or larger];
but be warned that this may result in large computation time and memory use.
"
"0","lyew_left_shank_m0_pairs = pairs(lyew_left_shank_m0.em)"
"0",""
"0","#Effect Size"
"0","lyew_left_shank_m0_es = effectsize::effectsize(lyew_left_shank_m0_anova)"
"0",""
"0","#RMANOVA + Effect Size"
"0","lyew_left_shank_m0_anova_es = cbind(lyew_left_shank_m0_anova, lyew_left_shank_m0_es[2:4])"
"0",""
"0","#RMANOVA - Wolf Left Foot"
"0","lyew_left_foot_m0 = lmerTest::lmer(lye_value ~ sampling_rate + (1|id), data = lyew_left_foot)"
"0","lyew_left_foot_m0_anova = anova(lyew_left_foot_m0)"
"0",""
"0","#Pairwise"
"0","lyew_left_foot_m0.em = emmeans::emmeans(lyew_left_foot_m0, ~sampling_rate)"
"2","Note: D.f. calculations have been disabled because the number of observations exceeds 3000.
To enable adjustments, add the argument 'pbkrtest.limit = 4960' (or larger)
[or, globally, 'set emm_options(pbkrtest.limit = 4960)' or larger];
but be warned that this may result in large computation time and memory use.
"
"2","Note: D.f. calculations have been disabled because the number of observations exceeds 3000.
To enable adjustments, add the argument 'lmerTest.limit = 4960' (or larger)
[or, globally, 'set emm_options(lmerTest.limit = 4960)' or larger];
but be warned that this may result in large computation time and memory use.
"
"0","lyew_left_foot_m0_pairs = pairs(lyew_left_foot_m0.em)"
"0",""
"0","#Effect Size"
"0","lyew_left_foot_m0_es = effectsize::effectsize(lyew_left_foot_m0_anova)"
"0",""
"0","#RMANOVA + Effect Size"
"0","lyew_left_foot_m0_anova_es = cbind(lyew_left_foot_m0_anova, lyew_left_foot_m0_es[2:4])"
"0",""
"0","#RMANOVA - Wolf Right Thigh"
"0","lyew_right_thigh_m0 = lmerTest::lmer(lye_value ~ sampling_rate + (1|id), data = lyew_right_thigh)"
"0","lyew_right_thigh_m0_anova = anova(lyew_right_thigh_m0)"
"0",""
"0","#Pairwise"
"0","lyew_right_thigh_m0.em = emmeans::emmeans(lyew_right_thigh_m0, ~sampling_rate)"
"2","Note: D.f. calculations have been disabled because the number of observations exceeds 3000.
To enable adjustments, add the argument 'pbkrtest.limit = 4960' (or larger)
[or, globally, 'set emm_options(pbkrtest.limit = 4960)' or larger];
but be warned that this may result in large computation time and memory use.
"
"2","Note: D.f. calculations have been disabled because the number of observations exceeds 3000.
To enable adjustments, add the argument 'lmerTest.limit = 4960' (or larger)
[or, globally, 'set emm_options(lmerTest.limit = 4960)' or larger];
but be warned that this may result in large computation time and memory use.
"
"0","lyew_right_thigh_m0_pairs = pairs(lyew_right_thigh_m0.em)"
"0",""
"0","#Effect Size"
"0","lyew_right_thigh_m0_es = effectsize::effectsize(lyew_right_thigh_m0_anova)"
"0",""
"0","#RMANOVA + Effect Size"
"0","lyew_right_thigh_m0_anova_es = cbind(lyew_right_thigh_m0_anova, lyew_right_thigh_m0_es[2:4])"
"0",""
"0","#RMANOVA - Wolf Right Shank"
"0","lyew_right_shank_m0 = lmerTest::lmer(lye_value ~ sampling_rate + (1|id), data = lyew_right_shank)"
"0","lyew_right_shank_m0_anova = anova(lyew_right_shank_m0)"
"0",""
"0","#Pairwise"
"0","lyew_right_shank_m0.em = emmeans::emmeans(lyew_right_shank_m0, ~sampling_rate)"
"2","Note: D.f. calculations have been disabled because the number of observations exceeds 3000.
To enable adjustments, add the argument 'pbkrtest.limit = 4960' (or larger)
[or, globally, 'set emm_options(pbkrtest.limit = 4960)' or larger];
but be warned that this may result in large computation time and memory use.
"
"2","Note: D.f. calculations have been disabled because the number of observations exceeds 3000.
To enable adjustments, add the argument 'lmerTest.limit = 4960' (or larger)
[or, globally, 'set emm_options(lmerTest.limit = 4960)' or larger];
but be warned that this may result in large computation time and memory use.
"
"0","lyew_right_shank_m0_pairs = pairs(lyew_right_shank_m0.em)"
"0",""
"0","#Effect Size"
"0","lyew_right_shank_m0_es = effectsize::effectsize(lyew_right_shank_m0_anova)"
"0",""
"0","#RMANOVA + Effect Size"
"0","lyew_right_shank_m0_anova_es = cbind(lyew_right_shank_m0_anova, lyew_right_shank_m0_es[2:4])"
"0",""
"0","#RMANOVA - Wolf Right Foot"
"0","lyew_right_foot_m0 = lmerTest::lmer(lye_value ~ sampling_rate + (1|id), data = lyew_right_foot)"
"0","lyew_right_foot_m0_anova = anova(lyew_right_foot_m0)"
"0",""
"0","#Pairwise"
"0","lyew_right_foot_m0.em = emmeans::emmeans(lyew_right_foot_m0, ~sampling_rate)"
"2","Note: D.f. calculations have been disabled because the number of observations exceeds 3000.
To enable adjustments, add the argument 'pbkrtest.limit = 4960' (or larger)
[or, globally, 'set emm_options(pbkrtest.limit = 4960)' or larger];
but be warned that this may result in large computation time and memory use.
"
"2","Note: D.f. calculations have been disabled because the number of observations exceeds 3000.
To enable adjustments, add the argument 'lmerTest.limit = 4960' (or larger)
[or, globally, 'set emm_options(lmerTest.limit = 4960)' or larger];
but be warned that this may result in large computation time and memory use.
"
"0","lyew_right_foot_m0_pairs = pairs(lyew_right_foot_m0.em)"
"0",""
"0","#Effect Size"
"0","lyew_right_foot_m0_es = effectsize::effectsize(lyew_right_foot_m0_anova)"
"0",""
"0","#RMANOVA + Effect Size"
"0","lyew_right_foot_m0_anova_es = cbind(lyew_right_foot_m0_anova, lyew_right_foot_m0_es[2:4])"
"0",""
"0","#RMANOVA - Rosenstein Left Thigh"
"0","lyer_left_thigh_m0 = lmerTest::lmer(lye_value ~ sampling_rate + (1|id), data = lyer_left_thigh)"
"0","lyer_left_thigh_m0_anova = anova(lyer_left_thigh_m0)"
"0",""
"0","#Pairwise"
"0","lyer_left_thigh_m0.em = emmeans::emmeans(lyer_left_thigh_m0, ~sampling_rate)"
"2","Note: D.f. calculations have been disabled because the number of observations exceeds 3000.
To enable adjustments, add the argument 'pbkrtest.limit = 4960' (or larger)
[or, globally, 'set emm_options(pbkrtest.limit = 4960)' or larger];
but be warned that this may result in large computation time and memory use.
"
"2","Note: D.f. calculations have been disabled because the number of observations exceeds 3000.
To enable adjustments, add the argument 'lmerTest.limit = 4960' (or larger)
[or, globally, 'set emm_options(lmerTest.limit = 4960)' or larger];
but be warned that this may result in large computation time and memory use.
"
"0","lyer_left_thigh_m0_pairs = pairs(lyer_left_thigh_m0.em)"
"0",""
"0","#Effect Size"
"0","lyer_left_thigh_m0_es = effectsize::effectsize(lyer_left_thigh_m0_anova)"
"0",""
"0","#RMANOVA + Effect Size"
"0","lyer_left_thigh_m0_anova_es = cbind(lyer_left_thigh_m0_anova, lyer_left_thigh_m0_es[2:4])"
"0",""
"0","#RMANOVA - Rosenstein Left Shank"
"0","lyer_left_shank_m0 = lmerTest::lmer(lye_value ~ sampling_rate + (1|id), data = lyer_left_shank)"
"0","lyer_left_shank_m0_anova = anova(lyer_left_shank_m0)"
"0",""
"0","#Pairwise"
"0","lyer_left_shank_m0.em = emmeans::emmeans(lyer_left_shank_m0, ~sampling_rate)"
"2","Note: D.f. calculations have been disabled because the number of observations exceeds 3000.
To enable adjustments, add the argument 'pbkrtest.limit = 4960' (or larger)
[or, globally, 'set emm_options(pbkrtest.limit = 4960)' or larger];
but be warned that this may result in large computation time and memory use.
"
"2","Note: D.f. calculations have been disabled because the number of observations exceeds 3000.
To enable adjustments, add the argument 'lmerTest.limit = 4960' (or larger)
[or, globally, 'set emm_options(lmerTest.limit = 4960)' or larger];
but be warned that this may result in large computation time and memory use.
"
"0","lyer_left_shank_m0_pairs = pairs(lyer_left_shank_m0.em)"
"0",""
"0","#Effect Size"
"0","lyer_left_shank_m0_es = effectsize::effectsize(lyer_left_shank_m0_anova)"
"0",""
"0","#RMANOVA + Effect Size"
"0","lyer_left_shank_m0_anova_es = cbind(lyer_left_shank_m0_anova, lyer_left_shank_m0_es[2:4])"
"0",""
"0","#RMANOVA - Rosenstein Left Foot"
"0","lyer_left_foot_m0 = lmerTest::lmer(lye_value ~ sampling_rate + (1|id), data = lyer_left_foot)"
"0","lyer_left_foot_m0_anova = anova(lyer_left_foot_m0)"
"0",""
"0","#Pairwise"
"0","lyer_left_foot_m0.em = emmeans::emmeans(lyer_left_foot_m0, ~sampling_rate)"
"2","Note: D.f. calculations have been disabled because the number of observations exceeds 3000.
To enable adjustments, add the argument 'pbkrtest.limit = 4960' (or larger)
[or, globally, 'set emm_options(pbkrtest.limit = 4960)' or larger];
but be warned that this may result in large computation time and memory use.
"
"2","Note: D.f. calculations have been disabled because the number of observations exceeds 3000.
To enable adjustments, add the argument 'lmerTest.limit = 4960' (or larger)
[or, globally, 'set emm_options(lmerTest.limit = 4960)' or larger];
but be warned that this may result in large computation time and memory use.
"
"0","lyer_left_foot_m0_pairs = pairs(lyer_left_foot_m0.em)"
"0",""
"0","#Effect Size"
"0","lyer_left_foot_m0_es = effectsize::effectsize(lyer_left_foot_m0_anova)"
"0",""
"0","#RMANOVA + Effect Size"
"0","lyer_left_foot_m0_anova_es = cbind(lyer_left_foot_m0_anova, lyer_left_foot_m0_es[2:4])"
"0",""
"0","#RMANOVA - Rosenstein Right Thigh"
"0","lyer_right_thigh_m0 = lmerTest::lmer(lye_value ~ sampling_rate + (1|id), data = lyer_right_thigh)"
"0","lyer_right_thigh_m0_anova = anova(lyer_right_thigh_m0)"
"0",""
"0","#Pairwise"
"0","lyer_right_thigh_m0.em = emmeans::emmeans(lyer_right_thigh_m0, ~sampling_rate)"
"2","Note: D.f. calculations have been disabled because the number of observations exceeds 3000.
To enable adjustments, add the argument 'pbkrtest.limit = 4960' (or larger)
[or, globally, 'set emm_options(pbkrtest.limit = 4960)' or larger];
but be warned that this may result in large computation time and memory use.
"
"2","Note: D.f. calculations have been disabled because the number of observations exceeds 3000.
To enable adjustments, add the argument 'lmerTest.limit = 4960' (or larger)
[or, globally, 'set emm_options(lmerTest.limit = 4960)' or larger];
but be warned that this may result in large computation time and memory use.
"
"0","lyer_right_thigh_m0_pairs = pairs(lyer_right_thigh_m0.em)"
"0",""
"0","#Effect Size"
"0","lyer_right_thigh_m0_es = effectsize::effectsize(lyer_right_thigh_m0_anova)"
"0",""
"0","#RMANOVA + Effect Size"
"0","lyer_right_thigh_m0_anova_es = cbind(lyer_right_thigh_m0_anova, lyer_right_thigh_m0_es[2:4])"
"0",""
"0","#RMANOVA - Rosenstein Right Shank"
"0","lyer_right_shank_m0 = lmerTest::lmer(lye_value ~ sampling_rate + (1|id), data = lyer_right_shank)"
"0","lyer_right_shank_m0_anova = anova(lyer_right_shank_m0)"
"0",""
"0","#Pairwise"
"0","lyer_right_shank_m0.em = emmeans::emmeans(lyer_right_shank_m0, ~sampling_rate)"
"2","Note: D.f. calculations have been disabled because the number of observations exceeds 3000.
To enable adjustments, add the argument 'pbkrtest.limit = 4960' (or larger)
[or, globally, 'set emm_options(pbkrtest.limit = 4960)' or larger];
but be warned that this may result in large computation time and memory use.
"
"2","Note: D.f. calculations have been disabled because the number of observations exceeds 3000.
To enable adjustments, add the argument 'lmerTest.limit = 4960' (or larger)
[or, globally, 'set emm_options(lmerTest.limit = 4960)' or larger];
but be warned that this may result in large computation time and memory use.
"
"0","lyer_right_shank_m0_pairs = pairs(lyer_right_shank_m0.em)"
"0",""
"0","#Effect Size"
"0","lyer_right_shank_m0_es = effectsize::effectsize(lyer_right_shank_m0_anova)"
"0",""
"0","#RMANOVA + Effect Size"
"0","lyer_right_shank_m0_anova_es = cbind(lyer_right_shank_m0_anova, lyer_right_shank_m0_es[2:4])"
"0",""
"0","#RMANOVA - Rosenstein Right Foot"
"0","lyer_right_foot_m0 = lmerTest::lmer(lye_value ~ sampling_rate + (1|id), data = lyer_right_foot)"
"0","lyer_right_foot_m0_anova = anova(lyer_right_foot_m0)"
"0",""
"0","#Pairwise"
"0","lyer_right_foot_m0.em = emmeans::emmeans(lyer_right_foot_m0, ~sampling_rate)"
"2","Note: D.f. calculations have been disabled because the number of observations exceeds 3000.
To enable adjustments, add the argument 'pbkrtest.limit = 4960' (or larger)
[or, globally, 'set emm_options(pbkrtest.limit = 4960)' or larger];
but be warned that this may result in large computation time and memory use.
"
"2","Note: D.f. calculations have been disabled because the number of observations exceeds 3000.
To enable adjustments, add the argument 'lmerTest.limit = 4960' (or larger)
[or, globally, 'set emm_options(lmerTest.limit = 4960)' or larger];
but be warned that this may result in large computation time and memory use.
"
"0","lyer_right_foot_m0_pairs = pairs(lyer_right_foot_m0.em)"
"0",""
"0","#Effect Size"
"0","lyer_right_foot_m0_es = effectsize::effectsize(lyer_right_foot_m0_anova)"
"0",""
"0","#RMANOVA + Effect Size"
"0","lyer_right_foot_m0_anova_es = cbind(lyer_right_foot_m0_anova, lyer_right_foot_m0_es[2:4])"
"0",""
