"0",""
"0","# Rosenstein Plot --------------------------------------------------------------------"
"0",""
"0","#Left Leg Plots for each segment"
"0",""
"0","plot_lyer_left_thigh <- ggplot(data = lyer_left_thigh, aes(x = sampling_rate, y = lye_value)) +"
"0","  geom_boxplot(outlier.shape = NA) +"
"0","  theme_bw() + "
"0","  facet_grid(segment ~ ., labeller = labeller()) +"
"0","  xlab(NULL) +"
"0","  ylab(NULL) +"
"0","  ylim(0, 6)"
"0",""
"0","plot_lyer_left_shank <- ggplot(data = lyer_left_shank, aes(x = sampling_rate, y = lye_value)) +"
"0","  geom_boxplot(outlier.shape = NA) +"
"0","  theme_bw() + "
"0","  facet_grid(segment ~ ., labeller = labeller()) +"
"0","  xlab(NULL) +"
"0","  ylab(NULL) +"
"0","  ylim(0, 6)"
"0",""
"0","plot_lyer_left_foot <- ggplot(data = lyer_left_foot, aes(x = sampling_rate, y = lye_value)) +"
"0","  geom_boxplot(outlier.shape = NA) +"
"0","  theme_bw() + "
"0","  facet_grid(segment ~ ., labeller = labeller()) +"
"0","  xlab(NULL) +"
"0","  ylab(NULL) +"
"0","  ylim(0, 6)"
"0",""
"0","#Left and right leg plots combined"
"0","plot_rosenstein_left <- cowplot::plot_grid(plot_lyer_left_thigh, plot_lyer_left_shank, plot_lyer_left_foot, ncol = 1, nrow = 3, align = ""v"")"
"2","Warning: Removed 1 rows containing non-finite values (stat_boxplot)."
"2","Warning: Removed 3 rows containing non-finite values (stat_boxplot)."
"0","#Right Leg Plots for each segment"
"0",""
"0","plot_lyer_right_thigh <- ggplot(data = lyer_right_thigh, aes(x = sampling_rate, y = lye_value)) +"
"0","  geom_boxplot(outlier.shape = NA) +"
"0","  theme_bw() + "
"0","  facet_grid(segment ~ ., labeller = labeller()) +"
"0","  xlab(NULL) +"
"0","  ylab(NULL) +"
"0","  ylim(0, 6)"
"0",""
"0","plot_lyer_right_shank <- ggplot(data = lyer_right_shank, aes(x = sampling_rate, y = lye_value)) +"
"0","  geom_boxplot(outlier.shape = NA) +"
"0","  theme_bw() + "
"0","  facet_grid(segment ~ ., labeller = labeller()) +"
"0","  xlab(NULL) +"
"0","  ylab(NULL) +"
"0","  ylim(0, 6)"
"0",""
"0","plot_lyer_right_foot <- ggplot(data = lyer_right_foot, aes(x = sampling_rate, y = lye_value)) +"
"0","  geom_boxplot(outlier.shape = NA) +"
"0","  theme_bw() + "
"0","  facet_grid(segment ~ ., labeller = labeller()) +"
"0","  xlab(NULL) +"
"0","  ylab(NULL) +"
"0","  ylim(0, 6)"
"0",""
"0","#Right leg plots combined"
"0","plot_rosenstein_right <- cowplot::plot_grid(plot_lyer_right_thigh, plot_lyer_right_shank, plot_lyer_right_foot, ncol = 1, nrow = 3, align = ""v"")"
"2","Warning: Removed 1 rows containing non-finite values (stat_boxplot)."
"0","#Combine left and right leg plots"
"0","plot_rosenstein <- cowplot::plot_grid(plot_rosenstein_left, plot_rosenstein_right, ncol = 2, align = ""h"")"
"0",""
"0","#Create X and Y axis labels and add to combined plot"
"0","y.grob <- grid::textGrob(expression(""Largest Lyapunov Exponent ""*(λ[1])), "
"0","                   gp=gpar(fontface=""plain"", col=""black"", fontsize=15), rot=90)"
"0",""
"0","x.grob <- grid::textGrob(""Sampling Rate (Hz)"", "
"0","                   gp=gpar(fontface=""plain"", col=""black"", fontsize=15))"
"0",""
"0","gridExtra::grid.arrange(gridExtra::arrangeGrob(plot_rosenstein, left = y.grob, bottom = x.grob))"
"0",""
