"0",""
"0","# Wolf Plot --------------------------------------------------------------------------"
"0",""
"0","#Left Leg Plots for each segment"
"0",""
"0","plot_lyew_left_thigh <- ggplot(data = lyew_left_thigh, aes(x = sampling_rate, y = lye_value)) +"
"0","  geom_boxplot(outlier.shape = NA) +"
"0","  theme_bw() + "
"0","  facet_grid(segment ~ ., labeller = labeller()) +"
"0","  xlab(NULL) +"
"0","  ylab(NULL) +"
"0","  ylim(0, 6)"
"0",""
"0","plot_lyew_left_shank <- ggplot(data = lyew_left_shank, aes(x = sampling_rate, y = lye_value)) +"
"0","  geom_boxplot(outlier.shape = NA) +"
"0","  theme_bw() + "
"0","  facet_grid(segment ~ ., labeller = labeller()) +"
"0","  xlab(NULL) +"
"0","  ylab(NULL) +"
"0","  ylim(0, 6)"
"0",""
"0","plot_lyew_left_foot <- ggplot(data = lyew_left_foot, aes(x = sampling_rate, y = lye_value)) +"
"0","  geom_boxplot(outlier.shape = NA) +"
"0","  theme_bw() + "
"0","  facet_grid(segment ~ ., labeller = labeller()) +"
"0","  xlab(NULL) +"
"0","  ylab(NULL) +"
"0","  ylim(0, 6)"
"0",""
"0","#Left leg plots combined"
"0","plot_wolf_left <- cowplot::plot_grid(plot_lyew_left_thigh, plot_lyew_left_shank, plot_lyew_left_foot, ncol = 1, nrow = 3, align = ""v"")"
"2","Warning: Removed 7 rows containing non-finite values (stat_boxplot)."
"2","Warning: Removed 7 rows containing non-finite values (stat_boxplot)."
"0","#Right Leg Plots for each segment"
"0",""
"0","plot_lyew_right_thigh <- ggplot(data = lyew_right_thigh, aes(x = sampling_rate, y = lye_value)) +"
"0","  geom_boxplot(outlier.shape = NA) +"
"0","  theme_bw() + "
"0","  facet_grid(segment ~ ., labeller = labeller()) +"
"0","  xlab(NULL) +"
"0","  ylab(NULL) +"
"0","  ylim(0, 6)"
"0",""
"0","plot_lyew_right_shank <- ggplot(data = lyew_right_shank, aes(x = sampling_rate, y = lye_value)) +"
"0","  geom_boxplot(outlier.shape = NA) +"
"0","  theme_bw() + "
"0","  facet_grid(segment ~ ., labeller = labeller()) +"
"0","  xlab(NULL) +"
"0","  ylab(NULL) +"
"0","  ylim(0, 6)"
"0",""
"0","plot_lyew_right_foot <- ggplot(data = lyew_right_foot, aes(x = sampling_rate, y = lye_value)) +"
"0","  geom_boxplot(outlier.shape = NA) +"
"0","  theme_bw() + "
"0","  facet_grid(segment ~ ., labeller = labeller()) +"
"0","  xlab(NULL) +"
"0","  ylab(NULL) +"
"0","  ylim(0, 6)"
"0",""
"0","#Right leg plots combined"
"0","plot_wolf_right <- cowplot::plot_grid(plot_lyew_right_thigh, plot_lyew_right_shank, plot_lyew_right_foot, ncol = 1, nrow = 3, align = ""v"")"
"2","Warning: Removed 7 rows containing non-finite values (stat_boxplot)."
"2","Warning: Removed 7 rows containing non-finite values (stat_boxplot)."
"0","#Combine left and right leg plots"
"0","plot_wolf <- cowplot::plot_grid(plot_wolf_left, plot_wolf_right, ncol = 2, align = ""h"")"
"0",""
"0","#Create X and Y axis labels and add to combined plot"
"0","y.grob <- grid::textGrob(expression(""Largest Lyapunov Exponent ""*(λ[1])), "
"0","                   gp=gpar(fontface=""plain"", col=""black"", fontsize=15), rot=90)"
"0",""
"0","x.grob <- grid::textGrob(""Sampling Rate (Hz)"", "
"0","                   gp=gpar(fontface=""plain"", col=""black"", fontsize=15))"
"0",""
"0","gridExtra::grid.arrange(gridExtra::arrangeGrob(plot_wolf, left = y.grob, bottom = x.grob))"
