"0",""
"0","# Summary Tables ---------------------------------------------------------------------"
"0",""
"0","xlsx::write.xlsx2(desc_lyew_left_thigh, file = '/Users/tylerwiles/Desktop/Github-Repositories/Gaitprint/LYE DOWNSAMPLE STATS/summary_results.xlsx', sheetName = ""Wolf Left Thigh"")"
"0",""
"0","xlsx::write.xlsx2(desc_lyew_left_shank, file = '/Users/tylerwiles/Desktop/Github-Repositories/Gaitprint/LYE DOWNSAMPLE STATS/summary_results.xlsx', sheetName = ""Wolf Left Shank"", append = TRUE)"
"0",""
"0","xlsx::write.xlsx2(desc_lyew_left_foot, file = '/Users/tylerwiles/Desktop/Github-Repositories/Gaitprint/LYE DOWNSAMPLE STATS/summary_results.xlsx', sheetName = ""Wolf Left Foot"", append = TRUE)"
"0",""
"0","xlsx::write.xlsx2(desc_lyew_right_thigh, file = '/Users/tylerwiles/Desktop/Github-Repositories/Gaitprint/LYE DOWNSAMPLE STATS/summary_results.xlsx', sheetName = ""Wolf Right Thigh"", append = TRUE)"
"0",""
"0","xlsx::write.xlsx2(desc_lyew_right_shank, file = '/Users/tylerwiles/Desktop/Github-Repositories/Gaitprint/LYE DOWNSAMPLE STATS/summary_results.xlsx', sheetName = ""Wolf Right Shank"", append = TRUE)"
"0",""
"0","xlsx::write.xlsx2(desc_lyew_right_foot, file = '/Users/tylerwiles/Desktop/Github-Repositories/Gaitprint/LYE DOWNSAMPLE STATS/summary_results.xlsx', sheetName = ""Wolf Right Foot"", append = TRUE)"
"0",""
"0","xlsx::write.xlsx2(desc_lyer_left_thigh, file = '/Users/tylerwiles/Desktop/Github-Repositories/Gaitprint/LYE DOWNSAMPLE STATS/summary_results.xlsx', sheetName = ""Rosenstein Left Thigh"", append = TRUE)"
"0",""
"0","xlsx::write.xlsx2(desc_lyer_left_shank, file = '/Users/tylerwiles/Desktop/Github-Repositories/Gaitprint/LYE DOWNSAMPLE STATS/summary_results.xlsx', sheetName = ""Rosenstein Left Shank"", append = TRUE)"
"0",""
"0","xlsx::write.xlsx2(desc_lyer_left_foot, file = '/Users/tylerwiles/Desktop/Github-Repositories/Gaitprint/LYE DOWNSAMPLE STATS/summary_results.xlsx', sheetName = ""Rosenstein Left Foot"", append = TRUE)"
"0",""
"0","xlsx::write.xlsx2(desc_lyer_left_thigh, file = '/Users/tylerwiles/Desktop/Github-Repositories/Gaitprint/LYE DOWNSAMPLE STATS/summary_results.xlsx', sheetName = ""Rosenstein Right Thigh"", append = TRUE)"
"0",""
"0","xlsx::write.xlsx2(desc_lyer_left_shank, file = '/Users/tylerwiles/Desktop/Github-Repositories/Gaitprint/LYE DOWNSAMPLE STATS/summary_results.xlsx', sheetName = ""Rosenstein Right Shank"", append = TRUE)"
"0",""
"0","xlsx::write.xlsx2(desc_lyer_left_foot, file = '/Users/tylerwiles/Desktop/Github-Repositories/Gaitprint/LYE DOWNSAMPLE STATS/summary_results.xlsx', sheetName = ""Rosenstein Right Foot"", append = TRUE)"
"0",""
"0","# RMANOVA Tables ---------------------------------------------------------------------"
"0",""
"0","rmanova_table = rbind(lyew_left_thigh_m0_anova_es,"
"0","                      lyew_left_shank_m0_anova_es,"
"0","                      lyew_left_foot_m0_anova_es,"
"0","                      lyew_right_thigh_m0_anova_es,"
"0","                      lyew_right_shank_m0_anova_es,"
"0","                      lyew_right_foot_m0_anova_es,"
"0","                      lyer_left_thigh_m0_anova_es,"
"0","                      lyer_left_shank_m0_anova_es,"
"0","                      lyer_left_foot_m0_anova_es,"
"0","                      lyer_right_thigh_m0_anova_es,"
"0","                      lyer_right_shank_m0_anova_es,"
"0","                      lyer_right_foot_m0_anova_es)"
"0",""
"0","rownames(rmanova_table) <- c(""Wolf Left Thigh"",""Wolf Left Shank"",""Wolf Left Foot"",""Wolf Right Thigh"",""Wolf Right Shank"",""Wolf Right Foot"",""Rosenstein Left Thigh"",""Rosenstein Left Shank"",""Rosenstein Left Foot"",""Rosenstein Right Thigh"",""Rosenstein Right Shank"",""Rosenstein Right Foot"")"
"0",""
"0","data.table::fwrite(x = rmanova_table, file = ""/Users/tylerwiles/Desktop/Github-Repositories/Gaitprint/LYE DOWNSAMPLE STATS/rmanova_results.csv"", row.names = TRUE, scipen = 20)"
"0",""
"0","# Pairwise Tables --------------------------------------------------------------------"
"0",""
"0","xlsx::write.xlsx2(lyew_left_thigh_m0_pairs, file = '/Users/tylerwiles/Desktop/Github-Repositories/Gaitprint/LYE DOWNSAMPLE STATS/pairwise_results.xlsx', sheetName = ""Wolf Left Thigh"")"
"0",""
"0","xlsx::write.xlsx2(lyew_left_shank_m0_pairs, file = '/Users/tylerwiles/Desktop/Github-Repositories/Gaitprint/LYE DOWNSAMPLE STATS/pairwise_results.xlsx', sheetName = ""Wolf Left Shank"", append = TRUE)"
"0",""
"0","xlsx::write.xlsx2(lyew_left_foot_m0_pairs, file = '/Users/tylerwiles/Desktop/Github-Repositories/Gaitprint/LYE DOWNSAMPLE STATS/pairwise_results.xlsx', sheetName = ""Wolf Left Foot"", append = TRUE)"
"0",""
"0","xlsx::write.xlsx2(lyew_right_thigh_m0_pairs, file = '/Users/tylerwiles/Desktop/Github-Repositories/Gaitprint/LYE DOWNSAMPLE STATS/pairwise_results.xlsx', sheetName = ""Wolf Right Thigh"", append = TRUE)"
"0",""
"0","xlsx::write.xlsx2(lyew_right_shank_m0_pairs, file = '/Users/tylerwiles/Desktop/Github-Repositories/Gaitprint/LYE DOWNSAMPLE STATS/pairwise_results.xlsx', sheetName = ""Wolf Right Shank"", append = TRUE)"
"0",""
"0","xlsx::write.xlsx2(lyew_right_foot_m0_pairs, file = '/Users/tylerwiles/Desktop/Github-Repositories/Gaitprint/LYE DOWNSAMPLE STATS/pairwise_results.xlsx', sheetName = ""Wolf Right Foot"", append = TRUE)"
"0",""
"0","xlsx::write.xlsx2(lyer_left_thigh_m0_pairs, file = '/Users/tylerwiles/Desktop/Github-Repositories/Gaitprint/LYE DOWNSAMPLE STATS/pairwise_results.xlsx', sheetName = ""Rosenstein Left Thigh"", append = TRUE)"
"0",""
"0","xlsx::write.xlsx2(lyer_left_shank_m0_pairs, file = '/Users/tylerwiles/Desktop/Github-Repositories/Gaitprint/LYE DOWNSAMPLE STATS/pairwise_results.xlsx', sheetName = ""Rosenstein Left Shank"", append = TRUE)"
"0",""
"0","xlsx::write.xlsx2(lyer_left_foot_m0_pairs, file = '/Users/tylerwiles/Desktop/Github-Repositories/Gaitprint/LYE DOWNSAMPLE STATS/pairwise_results.xlsx', sheetName = ""Rosenstein Left Foot"", append = TRUE)"
"0",""
"0","xlsx::write.xlsx2(lyer_right_thigh_m0_pairs, file = '/Users/tylerwiles/Desktop/Github-Repositories/Gaitprint/LYE DOWNSAMPLE STATS/pairwise_results.xlsx', sheetName = ""Rosenstein Right Thigh"", append = TRUE)"
"0",""
"0","xlsx::write.xlsx2(lyer_right_shank_m0_pairs, file = '/Users/tylerwiles/Desktop/Github-Repositories/Gaitprint/LYE DOWNSAMPLE STATS/pairwise_results.xlsx', sheetName = ""Rosenstein Right Shank"", append = TRUE)"
"0",""
"0","xlsx::write.xlsx2(lyer_right_foot_m0_pairs, file = '/Users/tylerwiles/Desktop/Github-Repositories/Gaitprint/LYE DOWNSAMPLE STATS/pairwise_results.xlsx', sheetName = ""Rosenstein Right Foot"", append = TRUE)"
"0",""
